title	male_rating	female_rating	m_num_lines	f_num_lines	m_num_words	f_num_words	m_u_words	f_u_words	m_flesch	f_flesch	m_fog	f_fog	m_kincaid	f_kincaid	m_syllables	f_syllables	m_syl_per_word	f_syl_per_word	m_percent_complex	f_percent_complex
Amadeus	8.4	8.4	875	489	10916.0	5050.0	2186.0	1198.0	83.26	87.28	7.0	5.93	4.2	3.21	14600.0	6620.0	1.34	1.31	7.24	6.3
American Beauty	8.5	8.2	454	300	4949.0	3120.0	1395.0	905.0	82.72	85.64	8.02	7.42	5.31	4.67	6404.0	3964.0	1.29	1.27	5.62	5.03
Austin Powers  International Man of Mystery			661	116	7827.0	1198.0	2158.0	531.0	74.28	70.26	9.02	10.99	6.45	8.11	10920.0	1665.0	1.4	1.39	8.24	8.76
Badlands	7.9	7.9	454	0	3170.0	0.0	1025.0	0.0	79.71	NaN	9.59	NaN	7.06	NaN	4010.0	0.0	1.26	NaN	4.16	NaN
Barton Fink	7.8	7.6	692	90	8899.0	1116.0	1967.0	502.0	83.07	82.14	7.68	6.87	5.15	4.6	11523.0	1494.0	1.29	1.34	5.19	5.91
Batman	7.6	7.5	517	128	5790.0	1149.0	1719.0	492.0	86.05	92.21	6.43	6.15	3.77	3.22	7563.0	1400.0	1.31	1.22	5.94	4.0
Batman Begins	8.4	8.1	632	308	5846.0	2488.0	1751.0	953.0	70.17	71.47	11.83	11.42	9.04	8.66	7873.0	3335.0	1.35	1.34	7.17	6.91
Being John Malkovich	7.8	7.7	409	452	4632.0	5029.0	1364.0	1424.0	80.15	82.65	7.52	7.5	4.74	4.83	6342.0	6629.0	1.37	1.32	8.1	6.26
Big Fish	8	8.1	462	288	6787.0	2999.0	1592.0	805.0	82.72	87.95	8.38	7.04	5.66	4.24	8666.0	3743.0	1.28	1.25	5.08	4.5
The Big Lebowski	8.3	7.9	975	125	9432.0	1618.0	2366.0	648.0	77.11	75.64	8.3	9.4	6.25	6.54	12758.0	2210.0	1.35	1.37	5.67	8.1
The Birds	7.8	7.8	530	600	5458.0	5658.0	1376.0	1206.0	80.6	87.97	8.43	7.14	5.82	4.27	7143.0	7054.0	1.31	1.25	5.79	4.67
The Bourne Identity	7.9	7.8	474	127	5394.0	1110.0	1228.0	399.0	89.38	88.05	6.4	7.25	3.48	4.38	6788.0	1376.0	1.26	1.24	5.17	4.41
The Bourne Supremacy	7.8	7.7	416	206	3846.0	1950.0	1093.0	696.0	88.99	81.41	6.09	8.38	3.59	5.44	4849.0	2558.0	1.26	1.31	4.21	6.72
Citizen Kane	8.5	8.3	449	561	7011.0	8637.0	1664.0	1646.0	72.31	78.21	10.97	9.56	8.0	6.65	9515.0	11338.0	1.36	1.31	8.0	6.59
Clerks 			1162	338	11585.0	4040.0	2363.0	1142.0	77.34	85.99	9.71	7.68	7.07	5.07	15160.0	5029.0	1.31	1.24	5.76	3.89
Double Indemnity	8.5	8.3	579	470	9116.0	7055.0	1699.0	1410.0	82.14	85.0	8.37	7.3	5.59	4.54	11769.0	9090.0	1.29	1.29	5.67	5.6
Drop Dead Gorgeous	6.4	6.7	185	499	2377.0	6324.0	893.0	1769.0	77.6	81.53	8.64	7.41	6.3	5.22	3188.0	8350.0	1.34	1.32	6.06	5.14
Even Cowgirls Get the Blues			233	151	6769.0	2916.0	2233.0	1133.0	73.34	75.61	9.71	9.76	7.05	6.78	9366.0	3950.0	1.38	1.35	8.08	8.02
Forrest Gump	8.8	8.7	715	315	8565.0	3613.0	1776.0	921.0	75.37	89.17	10.28	6.17	7.75	3.72	11239.0	4520.0	1.31	1.25	5.56	3.76
The Graduate	8.1	8	778	507	5932.0	3531.0	1073.0	796.0	84.36	72.68	8.85	13.57	5.76	10.08	7364.0	4412.0	1.24	1.25	4.94	5.89
Grand Hotel	7.6	7.9	822	305	8569.0	2762.0	1579.0	750.0	72.67	73.56	11.37	11.29	8.34	8.49	11430.0	3619.0	1.33	1.31	7.41	6.12
The Grapes of Wrath	8.2	8.1	817	203	9755.0	2935.0	1874.0	869.0	88.47	87.98	6.6	6.41	4.33	4.21	12043.0	3666.0	1.23	1.25	2.77	3.03
Grosse Pointe Blank	7.4	7.5	478	175	5824.0	1733.0	1624.0	743.0	79.84	80.12	8.58	8.61	5.85	6.07	7694.0	2262.0	1.32	1.31	6.44	5.48
Hannah and Her Sisters	8	7.9	464	1027	6170.0	9987.0	1574.0	1864.0	81.72	81.96	7.89	8.48	5.3	5.62	8101.0	12915.0	1.31	1.29	5.88	5.95
A Hard Day s Night			786	116	6654.0	1396.0	1591.0	630.0	71.31	69.12	13.57	13.07	10.63	10.42	8309.0	1814.0	1.25	1.3	4.49	5.3
The Hudsucker Proxy	7.4	7.3	645	234	7564.0	3313.0	2206.0	1120.0	74.35	73.12	9.77	10.75	7.02	7.74	10337.0	4488.0	1.37	1.35	7.8	8.06
It Happened One Night	8.2	8.5	791	381	10142.0	4031.0	2060.0	1108.0	88.5	88.0	6.21	6.61	3.71	3.88	12817.0	5099.0	1.26	1.26	4.28	4.89
The Italian Job	7.4	7.3	464	157	4981.0	1631.0	1501.0	699.0	82.37	78.05	8.18	9.59	5.44	6.78	6445.0	2136.0	1.29	1.31	5.66	6.25
Jackie Brown	7.6	7.5	637	838	6353.0	10791.0	1400.0	1843.0	78.68	84.06	10.31	8.18	7.39	5.52	8057.0	13582.0	1.27	1.26	5.21	4.39
Jaws	8.1	7.7	470	251	6339.0	2361.0	1934.0	831.0	83.44	83.64	7.49	8.37	4.93	5.61	8233.0	2980.0	1.3	1.26	5.41	4.74
Little Nicky	5.3	5.3	702	112	7061.0	1027.0	1759.0	425.0	82.14	85.96	8.36	7.63	5.72	4.97	9072.0	1284.0	1.28	1.25	5.14	4.19
The Lost Weekend	8.1	8.1	735	250	8015.0	2555.0	1706.0	795.0	86.71	89.73	7.07	6.49	4.43	3.72	10117.0	3169.0	1.26	1.24	4.53	4.23
The Majestic	6.9	6.8	785	157	9377.0	1950.0	1936.0	710.0	80.07	85.35	8.79	7.5	5.92	4.52	12318.0	2502.0	1.31	1.28	6.57	6.0
Misery	7.8	7.9	256	270	2841.0	4865.0	884.0	1251.0	78.33	81.68	9.6	8.69	7.01	6.03	3674.0	6218.0	1.29	1.28	5.17	4.95
Ninotchka	7.9	8.1	735	505	9235.0	7058.0	1954.0	1715.0	71.94	74.63	11.2	10.41	8.05	7.48	12576.0	9453.0	1.36	1.34	8.61	7.4
Phone Booth	7.1	6.9	939	35	11316.0	347.0	2248.0	202.0	83.71	85.53	7.71	7.76	4.93	4.65	14638.0	442.0	1.29	1.27	5.78	6.05
The Princess Bride	8.1	8.4	715	13	8438.0	110.0	1954.0	87.0	80.84	74.03	8.18	8.02	5.73	4.76	11039.0	163.0	1.31	1.48	5.34	12.73
Pulp Fiction	9	8.6	842	327	11082.0	3277.0	2136.0	1037.0	80.04	77.03	9.15	10.12	6.53	7.42	14236.0	4252.0	1.28	1.3	5.04	5.55
Seven			621	341	7794.0	3285.0	1832.0	1017.0	80.28	82.39	9.47	8.85	6.37	6.02	10040.0	4158.0	1.29	1.27	6.35	5.02
The Seventh Seal	8.3	8.1	443	184	5959.0	2301.0	1494.0	754.0	79.34	84.83	10.23	8.13	7.19	5.45	7541.0	2871.0	1.27	1.25	5.44	4.13
Shakespeare in Love	7.2	7.4	818	143	7987.0	1670.0	1847.0	567.0	80.19	81.57	9.51	9.36	6.57	6.34	10221.0	2113.0	1.28	1.27	5.66	5.45
Sideways	7.7	7.2	496	560	5831.0	5780.0	1421.0	1475.0	89.04	85.65	6.14	6.94	3.39	4.2	7402.0	7475.0	1.27	1.29	5.11	5.74
Slumdog Millionaire	8	8.2	635	308	6557.0	1889.0	1653.0	793.0	80.61	79.07	6.9	7.61	4.37	4.84	9039.0	2615.0	1.38	1.38	7.78	8.52
Stagecoach	8	7.2	593	183	4753.0	1764.0	1293.0	629.0	76.56	82.59	10.3	8.53	7.78	5.8	6125.0	2245.0	1.29	1.27	4.82	4.99
Star Wars Episode VI  Return of the Jedi			553	52	7908.0	388.0	2400.0	222.0	70.56	93.39	9.3	5.11	6.76	2.71	11460.0	474.0	1.45	1.22	9.77	2.84
Taxi Driver	8.4	8.2	532	162	6864.0	1660.0	1635.0	610.0	87.6	86.12	6.76	6.97	4.17	4.35	8637.0	2120.0	1.26	1.28	4.3	4.94
Watchmen	7.7	7.2	576	295	10074.0	4600.0	2839.0	1595.0	77.75	77.89	7.66	7.39	5.16	4.91	14033.0	6452.0	1.39	1.4	8.08	8.35
Young Frankenstein	8	8.1	743	144	7476.0	988.0	2021.0	430.0	74.33	78.12	10.31	9.56	7.39	7.27	10086.0	1269.0	1.35	1.28	7.68	4.15
The 40 Year Old Virgin	7.3	6.8	416	0	5469.0	0.0	1271.0	0.0	93.54	NaN	4.04	NaN	1.5	NaN	6983.0	0.0	1.28	NaN	4.9	NaN
Evil Dead	6.5	6.4	6	1	1057.0	301.0	412.0	202.0	96.08	70.42	3.85	9.87	1.5	7.18	1300.0	431.0	1.23	1.43	3.03	9.63
Anna Karenina	7.1	7.3	391	412	5263.0	4402.0	1541.0	1163.0	83.59	89.02	5.76	4.68	3.36	2.38	7221.0	5804.0	1.37	1.32	7.33	5.52
Arbitrage	6.7	6.5	774	182	8126.0	1946.0	1702.0	693.0	81.72	78.47	8.32	9.97	5.4	6.87	10628.0	2524.0	1.31	1.3	6.55	6.58
Argo	7.8	8	477	178	7599.0	2403.0	2348.0	968.0	75.09	78.68	8.38	7.83	5.95	5.04	10671.0	3321.0	1.4	1.38	8.21	8.49
The Dark Knight Rises	8.6	8.6	911	187	12769.0	2452.0	2877.0	933.0	82.47	83.91	7.46	7.33	4.77	4.68	16912.0	3193.0	1.32	1.3	6.52	5.75
Django Unchained	8.5	8.5	883	62	24912.0	1294.0	4019.0	579.0	80.78	83.42	7.85	7.05	5.46	4.55	32947.0	1705.0	1.32	1.32	5.67	5.87
Hannibal	6.7	6.8	718	263	8805.0	2658.0	2156.0	957.0	77.7	76.52	9.75	11.27	6.58	8.14	11672.0	3382.0	1.33	1.27	7.63	5.83
Hitchcock	6.9	7	539	154	6689.0	1428.0	1929.0	630.0	70.61	75.88	10.89	9.75	8.13	6.8	9246.0	1926.0	1.38	1.35	8.22	7.77
Les Mis rables			734	71	12210.0	981.0	2257.0	425.0	86.24	88.26	8.35	8.24	5.42	5.38	14935.0	1165.0	1.22	1.19	4.0	2.75
Life of Pi	8	8.2	283	63	5451.0	540.0	1501.0	289.0	79.73	86.83	8.32	5.64	5.62	3.18	7273.0	713.0	1.33	1.32	6.79	5.93
Lincoln	7.5	7.4	631	216	9435.0	4195.0	2591.0	1442.0	68.04	73.25	10.79	10.47	7.77	7.57	13657.0	5706.0	1.45	1.36	10.87	7.94
Looper	7.5	7.5	341	279	7844.0	4620.0	2038.0	1378.0	89.64	93.29	5.94	5.19	3.37	2.72	9878.0	5650.0	1.26	1.22	4.36	3.05
The Master	7.1	6.7	998	49	12268.0	607.0	2745.0	273.0	82.02	94.78	7.82	5.06	5.22	2.32	16082.0	737.0	1.31	1.21	5.84	3.46
ParaNorman	6.9	7.2	553	84	8850.0	1264.0	2210.0	586.0	81.56	81.99	7.13	6.81	4.72	4.68	11891.0	1691.0	1.34	1.34	6.4	5.54
The Perks of Being a Wallflower	8	8.2	613	127	7150.0	1258.0	1566.0	520.0	86.44	90.95	6.76	5.5	4.33	3.18	9095.0	1565.0	1.27	1.24	4.32	3.26
Prometheus	7.1	6.8	550	39	5886.0	466.0	1865.0	287.0	78.85	74.47	7.55	8.29	4.36	5.14	8309.0	678.0	1.41	1.45	10.43	11.59
The Sessions	7.2	7.3	502	256	6641.0	3402.0	1725.0	1029.0	79.86	81.94	8.25	8.01	5.54	5.12	8872.0	4482.0	1.34	1.32	6.87	6.79
Silver Linings Playbook	7.9	7.8	1000	420	11774.0	4668.0	1782.0	1169.0	86.68	86.2	6.9	7.24	4.15	4.47	15027.0	5928.0	1.28	1.27	5.24	5.1
Smashed	6.8	6.7	475	393	5709.0	4162.0	1309.0	1011.0	86.5	87.02	7.29	6.95	4.74	4.34	7143.0	5247.0	1.25	1.26	3.96	4.42
Snow White and the Huntsman	6.1	6.5	534	157	8774.0	3002.0	2201.0	1047.0	85.03	86.35	6.91	6.74	4.38	4.13	11367.0	3853.0	1.3	1.28	5.27	5.13
Ted	7.1	6.7	291	723	3996.0	8066.0	1269.0	1826.0	85.14	85.04	7.28	7.61	4.78	4.96	5092.0	10226.0	1.27	1.27	4.5	4.7
Zero Dark Thirty	7.4	7.4	486	179	9030.0	3022.0	2363.0	1080.0	79.23	75.2	7.86	9.3	5.27	6.6	12284.0	4143.0	1.36	1.37	7.31	7.84
30 Minutes or Less	6.2	6.1	663	252	9332.0	3274.0	1885.0	1021.0	88.19	86.61	6.83	7.19	4.07	4.3	11687.0	4160.0	1.25	1.27	4.56	5.44
Arthur	5.7	6	613	348	7430.0	4139.0	2261.0	1462.0	80.7	79.71	7.86	7.76	5.32	5.2	9889.0	5608.0	1.33	1.35	6.3	7.08
Bad Teacher	5.7	5.7	371	407	6282.0	6245.0	1849.0	1731.0	79.81	83.64	7.27	6.72	4.75	4.01	8635.0	8364.0	1.37	1.34	7.59	7.05
Battle  Los Angeles			527	90	8651.0	1576.0	2433.0	675.0	78.73	77.73	7.31	8.11	4.76	5.3	12062.0	2186.0	1.39	1.39	8.26	8.69
The Best Exotic Marigold Hotel	7.2	7.5	560	433	8979.0	6078.0	2176.0	1566.0	80.94	85.91	7.65	6.56	4.94	3.93	12076.0	7909.0	1.34	1.3	7.18	5.71
Bridesmaids	6.8	7.1	511	804	8459.0	9814.0	2124.0	2051.0	84.61	85.46	6.66	6.4	4.24	3.92	11082.0	12856.0	1.31	1.31	5.43	5.59
Cars 2	6.4	6.5	752	410	7103.0	3744.0	1718.0	1084.0	78.54	83.08	8.36	7.39	5.5	4.65	9677.0	4938.0	1.36	1.32	8.05	6.46
Cedar Rapids	6.3	6	765	111	11363.0	1306.0	2588.0	594.0	83.77	88.97	6.5	5.6	4.02	3.0	15191.0	1684.0	1.34	1.29	6.42	5.36
Colombiana	6.3	6.7	624	173	5897.0	1065.0	1440.0	452.0	88.22	86.24	6.75	7.81	3.78	5.24	7464.0	1312.0	1.27	1.23	5.51	3.38
Coriolanus	6.1	6.4	594	78	11144.0	1680.0	2906.0	768.0	71.38	75.92	9.73	8.95	6.93	6.36	15893.0	2300.0	1.43	1.37	9.74	7.5
Cowboys   Aliens			587	93	15106.0	2255.0	4115.0	1070.0	81.94	83.72	7.07	6.66	4.6	3.98	20277.0	3021.0	1.34	1.34	6.51	7.01
The Descendants	7.4	7.2	308	636	5767.0	8259.0	1479.0	1519.0	83.88	88.78	7.16	6.49	4.32	3.6	7613.0	10440.0	1.32	1.26	6.78	5.27
The Girl with the Dragon Tattoo	7.8	8	359	582	5969.0	8610.0	1699.0	2024.0	78.52	80.33	8.15	7.56	5.37	4.92	8170.0	11683.0	1.37	1.36	8.04	7.36
Hall Pass	6	5.6	831	276	13586.0	4164.0	2905.0	1284.0	83.99	86.21	7.23	6.91	4.95	4.44	17491.0	5293.0	1.29	1.27	4.34	4.39
Hanna	6.8	6.9	369	378	6158.0	4942.0	1836.0	1464.0	81.79	82.68	6.99	6.94	4.58	4.62	8291.0	6563.0	1.35	1.33	6.5	5.73
The Help	7.9	8.4	373	796	6685.0	12547.0	1899.0	2584.0	80.55	80.97	7.1	7.19	4.89	4.8	9053.0	16949.0	1.35	1.35	6.19	6.56
Hesher	7.1	7.1	652	115	6709.0	1355.0	1270.0	497.0	87.62	87.5	7.77	7.8	4.87	4.64	8213.0	1677.0	1.22	1.24	3.99	5.09
Horrible Bosses	6.9	6.8	906	181	8963.0	2169.0	1808.0	768.0	85.04	85.3	7.65	7.8	4.68	4.57	11482.0	2780.0	1.28	1.28	5.91	6.59
I Am Number Four	6.1	6.5	542	182	7642.0	2708.0	2215.0	1114.0	82.74	85.2	6.77	6.48	4.39	3.9	10223.0	3564.0	1.34	1.32	6.16	6.06
The Iron Lady	6.3	6.8	327	208	5728.0	3040.0	1771.0	1063.0	69.82	79.08	10.38	8.25	7.51	5.57	8174.0	4100.0	1.43	1.35	9.9	7.17
Jane Eyre	6.5	7	571	465	8333.0	4519.0	1959.0	1123.0	79.49	80.12	9.7	9.97	6.52	6.82	10793.0	5735.0	1.3	1.27	6.74	5.86
Limitless	7.4	7.4	466	339	5897.0	3423.0	1647.0	1109.0	76.97	80.88	9.14	8.54	6.26	5.46	7988.0	4520.0	1.35	1.32	7.82	7.33
The Lincoln Lawyer	7.3	7.4	979	134	14703.0	1864.0	2941.0	748.0	84.6	87.64	6.69	6.24	4.46	3.86	19116.0	2372.0	1.3	1.27	4.65	4.24
Margaret	6.5	6.1	690	1142	10498.0	15405.0	2029.0	2226.0	82.16	81.29	7.92	8.18	5.04	5.41	13828.0	20268.0	1.32	1.32	6.76	6.42
Margin Call	7.1	7	940	18	9241.0	138.0	1556.0	98.0	73.22	85.1	12.44	7.72	9.34	4.03	11788.0	181.0	1.28	1.31	5.79	8.7
Martha Marcy May Marlene	7	6.9	248	480	2101.0	3206.0	688.0	808.0	83.38	86.54	9.18	8.41	6.29	5.66	2593.0	3866.0	1.23	1.21	4.19	3.03
The Mechanic	6.5	6.6	550	15	10443.0	225.0	2437.0	142.0	86.68	96.22	5.75	3.67	3.39	1.24	13710.0	279.0	1.31	1.24	5.41	3.56
Moneyball	7.6	7.3	729	735	9006.0	8873.0	1989.0	1844.0	79.63	85.55	8.85	6.96	6.1	4.38	11825.0	11410.0	1.31	1.29	6.24	5.09
Monte Carlo	5.2	6.1	601	353	8027.0	4857.0	2066.0	1486.0	79.33	83.15	7.13	6.29	4.89	4.06	11052.0	6537.0	1.38	1.35	6.96	6.05
My Week with Marilyn	7	7.1	718	211	11543.0	3346.0	2598.0	1120.0	79.85	82.57	7.68	7.01	4.88	4.36	15789.0	4491.0	1.37	1.34	8.11	6.96
No Strings Attached	6.2	6.3	690	354	8925.0	3946.0	2201.0	1257.0	88.01	88.18	5.6	5.68	3.41	3.54	11490.0	5043.0	1.29	1.28	4.24	3.83
Pariah	7	7.4	262	666	2365.0	4575.0	847.0	1167.0	85.46	87.95	7.07	7.0	4.76	4.39	3003.0	5677.0	1.27	1.24	3.93	3.8
Paul	7	7.2	1126	154	11289.0	1893.0	2848.0	780.0	83.48	84.68	7.18	6.87	4.61	4.35	14828.0	2468.0	1.31	1.3	5.91	5.49
Priest	7.2	7.7	574	61	10801.0	972.0	3089.0	513.0	80.36	82.45	7.61	7.69	5.2	4.98	14505.0	1278.0	1.34	1.31	6.34	6.28
Red Riding Hood	5.1	5.8	543	255	8205.0	4875.0	1739.0	1348.0	86.72	81.39	6.38	7.43	3.46	4.45	10739.0	6631.0	1.31	1.36	6.7	8.35
Rise of the Planet of the Apes	7.6	7.5	517	23	9076.0	222.0	2552.0	159.0	80.88	75.88	7.07	7.16	4.74	4.88	12301.0	320.0	1.36	1.44	6.56	9.01
The Roommate	4.6	5.2	186	560	2815.0	7461.0	1045.0	1843.0	86.33	86.35	5.81	5.61	3.47	3.21	3703.0	9905.0	1.32	1.33	5.44	5.96
Shame	7.3	7.2	495	191	3733.0	926.0	1050.0	399.0	91.45	92.45	6.0	5.46	3.28	2.74	4591.0	1146.0	1.23	1.24	3.83	4.1
Source Code	7.5	7.4	627	234	10247.0	3415.0	2564.0	1264.0	83.23	79.27	6.33	7.18	3.69	4.42	13964.0	4783.0	1.36	1.4	7.62	9.02
Super 8	7.1	7.1	819	70	8108.0	582.0	1822.0	308.0	83.14	86.98	7.74	8.08	5.28	5.38	10439.0	705.0	1.29	1.21	4.79	3.09
Thor	7	7.4	747	199	11856.0	2862.0	2664.0	1067.0	81.85	81.35	7.16	7.41	4.81	4.81	15816.0	3844.0	1.33	1.34	5.95	6.85
The Three Musketeers	5.7	6.2	460	72	9899.0	1577.0	2381.0	607.0	75.78	78.74	8.52	7.96	5.04	4.46	14208.0	2221.0	1.44	1.41	11.81	11.1
Tinker  Tailor  Soldier  Spy			493	140	6282.0	1330.0	1739.0	560.0	83.42	81.37	7.23	7.36	4.64	4.97	8250.0	1776.0	1.31	1.34	5.95	6.09
War Horse	7.2	7.6	623	85	7130.0	1187.0	1684.0	501.0	91.09	90.95	5.8	6.55	3.16	3.89	8858.0	1436.0	1.24	1.21	4.01	3.03
Warrior	8.3	8.3	586	30	8780.0	455.0	1844.0	249.0	83.8	87.01	6.97	6.51	4.46	3.69	11542.0	588.0	1.31	1.29	5.77	5.93
Water for Elephants	6.8	7.3	421	286	9873.0	4493.0	2340.0	1274.0	80.85	82.23	7.34	7.01	4.91	4.48	13305.0	6034.0	1.35	1.34	6.54	6.7
The American	6.4	5.9	449	236	4077.0	1504.0	1409.0	613.0	78.98	75.56	8.06	9.85	5.2	6.57	5580.0	2054.0	1.37	1.37	8.27	9.11
Beginners	7.2	7.4	564	118	7162.0	1357.0	1817.0	599.0	81.15	84.17	7.99	7.37	4.99	4.31	9586.0	1785.0	1.34	1.32	7.71	7.22
Black Swan	8.1	8.1	321	290	2600.0	1330.0	929.0	528.0	84.17	83.51	7.28	8.79	4.63	6.14	3380.0	1648.0	1.3	1.24	5.69	3.76
Blue Valentine	7.5	7.4	393	242	4533.0	1780.0	1099.0	585.0	88.85	86.31	6.89	8.07	3.55	4.55	5735.0	2250.0	1.27	1.26	6.44	6.8
Buried	7	6.9	649	71	9213.0	819.0	1838.0	385.0	85.01	82.3	6.75	7.34	4.07	4.73	12079.0	1089.0	1.31	1.33	6.13	6.47
Burlesque	6	6.7	396	509	6326.0	6909.0	1841.0	1893.0	87.56	87.56	5.8	6.16	3.55	3.77	8154.0	8832.0	1.29	1.28	4.43	4.43
Date Night	6.3	6.5	642	211	10044.0	3034.0	2257.0	1036.0	85.53	85.47	6.4	6.29	4.0	4.01	13106.0	3961.0	1.3	1.31	5.26	4.98
The Debt	6.8	7.1	400	145	4522.0	1625.0	1139.0	582.0	87.26	84.41	6.04	6.5	3.46	3.87	5873.0	2164.0	1.3	1.33	5.55	6.65
Easy A	7	7.5	354	437	4353.0	7013.0	1325.0	1823.0	80.8	80.81	8.21	8.18	5.52	5.31	5742.0	9323.0	1.32	1.33	6.29	7.1
Fair Game	6.8	6.9	552	234	9604.0	3182.0	2480.0	1186.0	77.43	81.73	8.12	7.23	5.36	4.32	13346.0	4327.0	1.39	1.36	8.64	8.17
The Fighter	7.9	7.8	484	189	8427.0	2717.0	1861.0	956.0	83.25	82.17	6.8	6.83	4.93	5.17	10973.0	3561.0	1.3	1.31	3.76	3.5
Frozen	6.2	6.3	660	172	7511.0	1649.0	1757.0	615.0	90.32	95.16	5.85	5.34	3.37	2.6	9361.0	1969.0	1.25	1.19	3.71	2.85
Hot Tub Time Machine	6.5	6.2	639	212	9700.0	2942.0	2385.0	1017.0	86.36	87.15	6.51	6.12	4.0	3.69	12507.0	3795.0	1.29	1.29	5.05	4.89
How to Train Your Dragon	8.1	8.5	578	64	9940.0	983.0	2589.0	496.0	83.58	86.14	5.57	5.57	3.81	3.46	13420.0	1297.0	1.35	1.32	5.02	4.98
Insidious	6.8	6.8	399	220	4493.0	2721.0	1245.0	824.0	82.4	86.76	8.41	7.29	5.47	4.54	5804.0	3418.0	1.29	1.26	6.1	4.63
The Kids Are All Right	7.1	7	314	426	3535.0	5244.0	1106.0	1320.0	87.45	87.29	6.57	6.5	3.86	3.86	4511.0	6708.0	1.28	1.28	5.18	5.09
The King s Speech			992	98	10835.0	935.0	2782.0	482.0	75.24	79.78	8.95	7.81	6.4	5.55	14950.0	1250.0	1.38	1.34	7.74	5.78
Legion	5.1	5.5	435	180	8344.0	2885.0	2205.0	1047.0	83.94	84.02	6.49	6.19	4.31	4.2	11010.0	3817.0	1.32	1.32	5.13	4.75
The Losers	6.3	6.7	785	78	7553.0	729.0	2102.0	391.0	77.79	84.05	8.9	7.65	6.5	4.89	10030.0	940.0	1.33	1.29	5.8	5.62
The Next Three Days	7.4	7.4	637	151	4908.0	1295.0	1326.0	518.0	83.79	87.5	7.86	7.51	5.22	4.84	6273.0	1590.0	1.28	1.23	4.95	3.55
Remember Me	7.1	7.4	406	454	3150.0	3795.0	1056.0	1215.0	77.35	83.42	9.6	7.82	6.46	5.04	4214.0	4910.0	1.34	1.29	7.94	5.8
True Grit	7.4	7.5	758	0	12564.0	0.0	2604.0	0.0	83.5	NaN	7.69	NaN	5.2	NaN	16140.0	0.0	1.28	NaN	4.78	NaN
The Whistleblower	7.1	7.5	618	62	8821.0	818.0	2078.0	423.0	79.42	82.52	8.11	7.07	5.23	4.53	11989.0	1092.0	1.36	1.33	8.03	6.48
17 Again	6.3	6.6	637	162	6865.0	1422.0	1751.0	571.0	87.56	87.16	6.65	6.54	3.83	3.91	8755.0	1819.0	1.28	1.28	5.4	5.06
2012	5.8	5.8	623	224	6575.0	1756.0	1735.0	651.0	75.29	85.1	10.39	7.49	7.47	4.94	8729.0	2226.0	1.33	1.27	7.03	4.44
44 Inch Chest	5.8	5.9	518	184	10308.0	1643.0	2618.0	749.0	85.79	78.75	7.95	9.65	5.16	7.13	12826.0	2102.0	1.24	1.28	4.33	4.56
9	7	7.2	48	0	2182.0	0.0	783.0	0.0	93.54	NaN	4.48	NaN	1.8	NaN	2755.0	0.0	1.26	NaN	4.81	NaN
A Serious Man	7	6.9	436	380	10454.0	5782.0	2878.0	1660.0	77.14	82.71	6.7	5.82	4.94	3.87	14794.0	7885.0	1.42	1.36	6.94	5.91
All About Steve	4.7	5.1	443	318	7949.0	6202.0	2211.0	1872.0	77.91	80.01	8.02	7.6	5.53	4.9	10909.0	8460.0	1.37	1.36	7.42	7.76
An Education	7.3	7.5	473	547	5831.0	5321.0	1344.0	1237.0	86.58	86.72	6.86	6.8	4.25	4.21	7424.0	6772.0	1.27	1.27	4.8	4.74
Angels and Demons			539	98	7458.0	1046.0	2039.0	525.0	66.35	66.07	11.39	11.57	8.19	8.45	10878.0	1518.0	1.46	1.45	11.64	11.19
Avatar	8	7.9	527	221	5758.0	2444.0	1568.0	918.0	85.4	83.98	7.48	7.33	4.63	4.81	7353.0	3164.0	1.28	1.29	5.51	5.2
The Blind Side	7.6	8	845	119	12753.0	2065.0	2682.0	846.0	84.36	81.81	7.39	7.67	4.81	5.04	16422.0	2734.0	1.29	1.32	5.13	6.34
The Box	5.6	5.3	516	223	8141.0	3012.0	2059.0	1013.0	74.87	81.84	9.22	7.31	6.85	5.28	11112.0	3951.0	1.36	1.31	6.79	4.45
Broken Embraces	7.2	7.4	634	285	10041.0	5028.0	2307.0	1389.0	73.51	74.76	10.14	9.64	7.34	6.89	13720.0	6865.0	1.37	1.37	7.88	7.78
Coraline	7.7	7.8	277	280	2746.0	2599.0	1027.0	922.0	83.04	87.74	7.58	6.74	5.07	4.04	3568.0	3280.0	1.3	1.26	5.28	4.69
Drag Me to Hell	6.7	6.2	567	67	8821.0	1142.0	2284.0	562.0	81.63	80.6	7.36	8.01	4.49	4.88	11939.0	1546.0	1.35	1.35	7.86	8.49
Funny People	6.5	6	614	510	10804.0	9302.0	1875.0	1663.0	88.03	89.18	6.67	6.35	4.07	3.7	13559.0	11640.0	1.25	1.25	4.22	4.26
G I  Joe  The Rise of Cobra			595	206	8596.0	2606.0	2551.0	1031.0	75.53	80.0	8.57	7.29	6.12	5.2	11932.0	3517.0	1.39	1.35	7.76	5.76
Gamer	5.8	6.1	461	29	5443.0	293.0	1590.0	186.0	75.57	81.0	9.24	8.6	6.59	5.27	7427.0	389.0	1.36	1.33	7.5	8.19
Get Low	7.1	7.2	439	299	6642.0	4319.0	1439.0	1165.0	85.92	86.91	7.54	7.3	4.81	4.67	8360.0	5386.0	1.26	1.25	4.62	4.05
The Hangover	7.9	7.7	929	21	12623.0	214.0	2676.0	145.0	82.88	89.22	7.39	5.88	5.0	3.77	16483.0	267.0	1.31	1.25	5.2	2.8
He s Just Not That Into You			495	441	6755.0	5696.0	1530.0	1283.0	87.75	87.5	6.79	7.01	4.05	4.32	8520.0	7138.0	1.26	1.25	4.78	4.41
I Love You Phillip Morris	6.6	6.9	452	359	5734.0	3812.0	1377.0	1083.0	85.55	88.07	6.98	5.77	4.59	3.7	7316.0	4849.0	1.28	1.27	4.31	3.44
The Imaginarium of Dr  Parnassus			700	134	7062.0	943.0	1760.0	400.0	82.45	90.77	7.31	5.88	4.33	3.12	9506.0	1179.0	1.35	1.25	7.93	4.56
In the Loop	7.5	7.4	672	439	9421.0	6326.0	2242.0	1808.0	82.41	81.27	7.21	7.6	4.61	4.88	12560.0	8485.0	1.33	1.34	6.56	7.08
The Invention of Lying	6.4	6.3	496	415	6176.0	5437.0	1440.0	1226.0	79.27	84.39	9.12	8.09	6.35	5.08	8076.0	6926.0	1.31	1.27	6.1	5.76
It s Complicated			337	560	4255.0	6732.0	1186.0	1480.0	84.93	87.16	7.42	7.11	4.8	4.37	5435.0	8461.0	1.28	1.26	4.91	4.63
Jennifer s Body			145	319	3971.0	8106.0	1488.0	2242.0	80.91	82.96	7.15	6.31	4.43	3.71	5440.0	11078.0	1.37	1.37	8.01	7.64
The Last Station	7	7.2	524	304	5349.0	3135.0	1324.0	948.0	76.92	84.38	9.5	7.04	6.53	4.22	7180.0	4124.0	1.34	1.32	7.63	6.6
Law Abiding Citizen	7.4	7.6	422	404	5181.0	5585.0	1738.0	1607.0	84.79	89.03	6.4	5.58	3.95	2.99	6844.0	7197.0	1.32	1.29	5.87	5.28
The Men Who Stare at Goats	6.2	6.4	619	1	12275.0	9.0	3052.0	8.0	79.99	61.27	7.63	10.69	4.93	5.83	16731.0	15.0	1.36	1.67	7.71	22.22
Ninja Assassin	6.3	6.6	436	202	4804.0	1716.0	1344.0	627.0	79.36	80.29	7.75	8.55	4.79	5.17	6637.0	2309.0	1.38	1.35	8.93	8.86
Orphan	7	7	458	348	13360.0	9621.0	3369.0	2556.0	82.75	82.98	6.49	6.22	4.27	4.1	17950.0	12965.0	1.34	1.35	5.96	5.85
Pandorum	6.8	6.7	449	319	7895.0	4424.0	2210.0	1369.0	78.08	81.01	7.39	6.98	5.29	4.65	10903.0	6004.0	1.38	1.36	6.74	6.6
The Proposal	6.5	7.1	642	399	9535.0	6146.0	2105.0	1553.0	84.79	85.85	6.72	6.74	3.91	3.94	12613.0	8001.0	1.32	1.3	6.81	6.17
Public Enemies	7	7.1	796	97	11667.0	1368.0	3097.0	626.0	79.94	87.35	7.39	6.84	4.62	3.91	16085.0	1745.0	1.38	1.28	8.37	5.7
Sherlock Holmes	7.6	7.7	616	94	9126.0	1193.0	2624.0	596.0	72.62	73.66	9.62	9.97	6.97	7.22	12787.0	1634.0	1.4	1.37	8.6	7.88
Star Trek	8	8.2	755	254	9877.0	2439.0	2711.0	908.0	64.15	79.38	11.26	8.43	8.62	5.63	14601.0	3269.0	1.48	1.34	10.78	7.22
Surrogates	6.3	6.3	549	150	8601.0	2030.0	2618.0	947.0	76.8	74.27	8.29	8.69	5.9	6.38	11827.0	2840.0	1.38	1.4	7.22	7.73
Terminator Salvation	6.7	6.8	343	169	3195.0	1846.0	1133.0	755.0	78.72	76.45	8.51	9.24	5.6	6.27	4326.0	2518.0	1.35	1.36	7.92	8.34
Up in the Air	7.6	7.2	613	313	6938.0	3185.0	1806.0	1039.0	79.3	78.74	9.02	9.29	6.18	6.48	9125.0	4175.0	1.32	1.31	6.53	6.28
Whiteout	5.5	5.5	303	251	3328.0	2493.0	1106.0	837.0	82.18	87.25	8.35	6.93	5.59	4.1	4294.0	3162.0	1.29	1.27	5.62	5.21
Burn After Reading	7.1	6.9	698	301	6545.0	2214.0	1745.0	759.0	80.78	81.53	7.29	7.88	4.88	5.37	8841.0	2907.0	1.35	1.31	6.62	5.69
Changeling	7.8	7.8	662	266	12482.0	3867.0	2511.0	986.0	76.45	84.12	9.68	8.0	6.78	5.26	16715.0	4911.0	1.34	1.27	7.36	4.97
Day of the Dead	7.2	7.1	473	1	6083.0	0.0	1684.0	0.0	90.17	NaN	5.64	NaN	3.04	NaN	7697.0	0.0	1.27	NaN	4.62	NaN
Deception	7.2	7.7	687	57	15825.0	1179.0	3494.0	574.0	79.34	76.58	8.11	8.34	5.16	5.15	21582.0	1669.0	1.36	1.42	8.34	10.52
Defiance	7.2	7.4	899	124	11490.0	1488.0	2855.0	705.0	79.29	81.1	7.52	7.09	4.77	4.51	15895.0	2027.0	1.38	1.36	8.45	7.39
Frozen River	7.2	7.4	353	489	3332.0	3354.0	928.0	920.0	85.84	83.07	7.64	9.64	5.15	6.91	4143.0	4058.0	1.24	1.21	3.54	3.01
Gran Torino	8.2	8.2	888	119	13402.0	1674.0	2582.0	691.0	89.24	88.2	6.45	6.73	3.79	3.99	16703.0	2102.0	1.25	1.26	4.16	4.6
Hancock	6.5	6.5	479	144	10518.0	3201.0	2888.0	1171.0	85.72	85.04	5.53	5.79	3.39	3.54	13996.0	4278.0	1.33	1.34	5.4	5.87
Kung Fu Panda	7.7	7.5	598	40	5337.0	340.0	1271.0	189.0	86.68	76.03	6.21	11.64	3.78	9.15	6907.0	419.0	1.29	1.23	5.02	2.94
Marley   Me			725	224	10693.0	2906.0	2428.0	968.0	85.92	88.22	6.49	6.52	4.07	3.9	13839.0	3661.0	1.29	1.26	4.98	4.44
Max Payne	5.4	5.4	489	50	5649.0	448.0	1637.0	277.0	76.49	83.47	9.63	7.85	7.05	5.33	7488.0	573.0	1.33	1.28	6.14	4.69
Milk	7.6	7.9	770	2	13940.0	29.0	3014.0	28.0	79.9	94.92	8.0	3.87	5.21	2.42	18831.0	35.0	1.35	1.21	7.54	0.0
The Other Boleyn Girl	6.6	7	454	358	6360.0	4296.0	1780.0	1298.0	81.27	83.22	7.08	6.99	4.64	4.47	8604.0	5693.0	1.35	1.33	6.76	6.15
Pineapple Express	7.1	7	858	37	9834.0	387.0	1948.0	202.0	92.4	96.7	5.47	4.81	2.72	2.12	12189.0	460.0	1.24	1.19	4.23	2.58
Rachel Getting Married	6.8	6.5	250	509	3193.0	6498.0	1149.0	1756.0	77.52	83.13	8.16	7.02	5.74	4.51	4373.0	8608.0	1.37	1.32	7.14	6.08
The Reader	7.5	7.8	319	277	3512.0	2785.0	1036.0	829.0	83.79	84.03	7.42	7.81	4.75	5.07	4570.0	3568.0	1.3	1.28	5.78	5.31
Revolutionary Road	7.3	7.5	422	254	5454.0	2944.0	1245.0	786.0	82.51	85.48	8.29	8.15	5.53	5.29	7021.0	3661.0	1.29	1.24	5.54	4.45
RocknRolla	7.3	7.4	731	35	10628.0	515.0	2042.0	273.0	78.32	68.49	10.8	14.37	8.01	11.23	13230.0	655.0	1.24	1.27	4.14	5.63
Sex and the City	4.6	6.5	496	839	4998.0	8526.0	1364.0	1761.0	79.93	80.46	9.24	9.22	6.53	6.5	6431.0	10900.0	1.29	1.28	5.3	5.09
Speed Racer	6.1	6.3	840	251	14120.0	2892.0	3248.0	981.0	76.14	83.69	9.09	7.67	6.46	4.91	19205.0	3745.0	1.36	1.29	7.32	5.77
Sunshine Cleaning	6.9	7	308	580	3054.0	4525.0	1052.0	1185.0	81.22	83.71	8.34	7.9	5.23	4.89	4048.0	5863.0	1.33	1.3	7.56	6.45
Tropic Thunder	7	6.9	501	162	10073.0	3778.0	2812.0	1314.0	79.82	81.26	7.31	6.6	4.88	4.39	13782.0	5157.0	1.37	1.37	7.18	6.56
Twilight	4.9	6.1	325	338	4638.0	3989.0	1567.0	1389.0	81.82	84.95	7.06	6.62	4.62	4.22	6233.0	5206.0	1.34	1.31	6.49	5.24
Valkyrie	7.2	7.1	479	160	5765.0	1974.0	1516.0	753.0	73.15	74.72	9.86	9.43	6.64	6.44	8113.0	2739.0	1.41	1.39	10.23	9.07
Wanted	6.7	6.9	456	94	10858.0	2404.0	2557.0	914.0	78.07	82.63	8.8	7.78	6.53	5.56	14347.0	3085.0	1.32	1.28	5.26	4.03
While She Was Out	4.7	5.1	308	89	2896.0	769.0	1058.0	415.0	84.79	83.74	7.3	6.46	5.05	4.43	3672.0	1013.0	1.27	1.32	3.69	4.68
The Wrestler	8	7.7	667	203	4500.0	1154.0	1384.0	478.0	85.77	89.32	6.98	6.54	4.41	3.85	5763.0	1433.0	1.28	1.24	4.91	4.07
Yes Man	6.9	6.8	1024	93	11005.0	942.0	2355.0	471.0	83.75	81.93	7.8	7.62	4.9	5.04	14243.0	1245.0	1.29	1.32	6.11	6.16
Disturbia	6.9	7	548	153	5052.0	1551.0	1451.0	660.0	79.96	83.2	9.58	8.84	6.91	6.13	6403.0	1931.0	1.27	1.25	4.59	4.06
Eastern Promises	7.7	7.7	527	182	5745.0	1343.0	1314.0	514.0	84.38	80.78	7.33	8.19	4.45	5.23	7494.0	1791.0	1.3	1.33	6.41	7.45
Elizabeth  The Golden Age			345	322	5307.0	5420.0	1738.0	1548.0	77.79	83.85	8.0	6.72	5.24	4.04	7370.0	7230.0	1.39	1.33	8.61	6.81
Fracture	7.2	7.4	586	232	9570.0	3910.0	2266.0	1395.0	81.17	78.53	6.71	7.07	4.47	4.85	13045.0	5450.0	1.36	1.39	6.59	7.44
Into the Wild	8.2	8.2	510	76	8356.0	1508.0	2076.0	668.0	82.14	84.13	8.01	7.46	5.21	4.67	10941.0	1958.0	1.31	1.3	6.31	5.97
Margot at the Wedding	6.1	5.7	349	556	3406.0	6485.0	994.0	1374.0	87.08	87.95	7.11	6.52	4.49	3.95	4267.0	8187.0	1.25	1.26	4.2	4.41
Next	6.2	6.2	658	278	5786.0	2575.0	1460.0	853.0	82.87	84.09	8.67	8.4	5.8	5.41	7334.0	3254.0	1.27	1.26	5.2	5.4
Superbad	7.7	7.3	722	270	7933.0	2811.0	1622.0	805.0	90.54	90.49	5.98	6.17	3.32	3.4	9875.0	3491.0	1.24	1.24	4.13	4.3
Wild Hogs	5.9	6	777	62	13550.0	1182.0	2436.0	521.0	92.2	91.94	5.09	4.62	2.61	2.42	16915.0	1492.0	1.25	1.26	3.83	3.55
Crank	7	6.8	595	63	6488.0	459.0	1781.0	260.0	81.15	87.73	8.78	7.42	5.59	4.28	8496.0	574.0	1.31	1.25	7.26	5.45
The Departed	8.5	8.4	746	390	9661.0	3918.0	2029.0	1080.0	81.77	84.41	8.11	7.87	4.97	4.67	12830.0	5068.0	1.33	1.29	7.75	6.87
Pirates of the Caribbean  Dead Man s Chest			850	3	7376.0	19.0	1968.0	16.0	84.96	89.59	7.1	7.6	4.49	5.48	9527.0	22.0	1.29	1.16	5.34	0.0
Slither	6.5	6.2	293	278	2511.0	2387.0	874.0	858.0	85.74	89.15	7.41	6.45	4.87	3.87	3162.0	2970.0	1.26	1.24	4.18	3.9
Brick	7.5	7.4	666	110	9218.0	1446.0	1962.0	558.0	91.05	90.86	6.46	6.2	3.72	3.68	11208.0	1766.0	1.22	1.22	3.43	3.04
Constantine	6.9	7.1	96	0	6510.0	0.0	2070.0	0.0	83.58	NaN	6.49	NaN	3.88	NaN	8767.0	0.0	1.35	NaN	7.05	NaN
The Hitchhiker s Guide to the Galaxy			830	72	10948.0	671.0	2588.0	365.0	76.47	79.98	8.95	7.35	5.89	4.67	15125.0	923.0	1.38	1.38	9.1	8.05
The Jacket	7.1	7.2	572	215	8636.0	2750.0	1606.0	770.0	86.76	87.5	7.5	7.06	4.46	4.09	10881.0	3476.0	1.26	1.26	5.45	5.42
King Kong	8	7.8	586	73	6141.0	682.0	1765.0	347.0	83.29	86.47	7.9	7.01	5.35	4.46	7870.0	863.0	1.28	1.27	4.85	4.4
Serenity	7.9	8.3	661	131	11693.0	2270.0	2769.0	853.0	81.79	86.7	7.79	6.96	5.14	4.2	15425.0	2891.0	1.32	1.27	6.23	5.2
V for Vendetta	8.2	8.3	888	176	11004.0	1423.0	2319.0	464.0	80.3	87.9	8.64	7.94	5.63	4.5	14562.0	1760.0	1.32	1.24	7.23	5.76
War of the Worlds	6.5	6.4	21	1	2323.0	109.0	836.0	87.0	93.14	81.9	4.09	7.39	2.01	3.92	2927.0	150.0	1.26	1.38	3.23	10.09
Wild Things  Diamonds in the Rough			287	432	3359.0	3852.0	1142.0	1183.0	76.32	81.26	10.0	8.84	6.96	5.93	4477.0	4973.0	1.33	1.29	7.5	5.97
Cellular	6.5	6.7	589	147	9639.0	2299.0	2649.0	966.0	84.17	82.63	6.57	6.93	4.13	4.33	12760.0	3087.0	1.32	1.34	5.9	6.87
Collateral	7.6	7.3	743	80	7512.0	810.0	1955.0	432.0	88.09	82.78	5.82	7.0	3.0	3.85	9809.0	1104.0	1.31	1.36	6.4	8.89
The Grudge	5.8	5.8	207	173	2150.0	1534.0	773.0	569.0	80.56	86.41	7.95	6.77	5.24	4.28	2875.0	1956.0	1.34	1.28	6.93	4.56
Harold   Kumar Go to White Castle			876	57	13096.0	938.0	2635.0	453.0	84.51	82.32	6.69	6.43	4.27	4.4	17168.0	1262.0	1.31	1.35	5.48	5.54
Ocean s Twelve			668	288	6995.0	2949.0	1798.0	998.0	78.82	80.67	8.43	8.23	5.53	4.96	9483.0	3977.0	1.36	1.35	7.96	8.68
Saw	7.7	7.6	471	62	8797.0	1099.0	1714.0	456.0	85.48	86.78	7.15	6.9	4.56	4.44	11250.0	1385.0	1.28	1.26	4.91	4.0
Final Destination 2	6.2	6.2	311	311	3128.0	3789.0	1150.0	1097.0	83.35	86.67	7.91	7.13	5.13	4.34	4037.0	4802.0	1.29	1.27	5.69	5.07
Finding Nemo	8.1	8.4	1407	0	7583.0	0.0	1624.0	0.0	90.87	NaN	4.85	NaN	2.7	NaN	9619.0	0.0	1.27	NaN	3.6	NaN
Catch Me If You Can	8	8	811	89	14245.0	1413.0	2969.0	587.0	82.37	87.09	7.91	6.42	5.24	4.22	18568.0	1788.0	1.3	1.27	5.78	3.54
Death to Smoochy	6.4	6.5	586	184	8690.0	2402.0	2337.0	928.0	81.43	79.99	7.45	8.49	5.06	5.98	11555.0	3152.0	1.33	1.31	5.89	5.62
Gangs of New York	7.6	7.3	1088	0	9568.0	0.0	2258.0	0.0	81.33	NaN	8.3	NaN	5.45	NaN	12560.0	0.0	1.31	NaN	6.5	NaN
The Good Girl	6.5	6.5	253	292	3320.0	3407.0	961.0	1021.0	89.49	87.05	5.91	6.88	3.42	4.42	4181.0	4280.0	1.26	1.26	4.13	3.9
Insomnia	7.2	7	616	127	6387.0	1039.0	1566.0	493.0	85.4	85.96	6.87	6.29	4.2	3.93	8288.0	1351.0	1.3	1.3	5.7	5.0
Resident Evil	6.7	7	452	143	4938.0	1461.0	1507.0	648.0	88.11	85.39	5.91	6.64	3.24	3.72	6389.0	1930.0	1.29	1.32	5.65	7.05
Ocean s Eleven			981	69	9390.0	455.0	2197.0	243.0	81.21	81.77	8.18	8.12	5.36	5.75	12388.0	587.0	1.32	1.29	6.63	4.62
Shrek	7.9	8	596	123	6858.0	1294.0	1549.0	472.0	91.77	92.44	5.16	6.13	2.72	3.21	8580.0	1572.0	1.25	1.21	3.81	3.86
American Psycho	7.6	7.5	978	0	6787.0	0.0	1920.0	0.0	78.28	NaN	8.02	NaN	5.34	NaN	9332.0	0.0	1.37	NaN	8.0	NaN
The Beach	6.6	6.5	299	10	14522.0	866.0	2884.0	399.0	84.56	84.76	5.89	6.2	3.7	3.94	19424.0	1145.0	1.34	1.32	5.73	5.43
Charlie s Angels			345	303	3567.0	2470.0	1186.0	914.0	79.95	84.07	8.75	7.5	5.73	4.71	4727.0	3205.0	1.33	1.3	7.32	5.95
Ginger Snaps	6.8	7	270	420	5108.0	5651.0	1780.0	1848.0	81.69	84.81	6.06	5.28	4.23	3.55	6973.0	7572.0	1.37	1.34	5.64	4.67
Gladiator	8.6	8.3	436	253	6265.0	2444.0	1549.0	764.0	78.62	78.13	9.7	9.95	6.52	7.0	8215.0	3171.0	1.31	1.3	7.21	6.22
Hollow Man	5.7	5.5	388	429	3747.0	4832.0	1248.0	1427.0	82.3	83.65	7.29	7.19	4.54	4.21	5016.0	6424.0	1.34	1.33	7.1	7.43
8mm			393	386	5751.0	4852.0	1503.0	1233.0	81.87	80.72	8.12	8.95	5.43	6.16	7498.0	6259.0	1.3	1.29	5.86	5.65
Analyze This	6.7	6.6	743	402	8625.0	4645.0	1757.0	1101.0	84.43	88.14	7.45	6.77	4.78	4.12	11104.0	5810.0	1.29	1.25	5.33	4.24
Cruel Intentions	6.7	7.2	562	439	5432.0	4199.0	1361.0	1115.0	85.41	83.73	7.45	8.16	4.7	5.28	6916.0	5360.0	1.27	1.28	5.12	5.5
The Green Mile	8.5	8.6	809	128	9879.0	1490.0	2128.0	597.0	89.58	94.63	6.39	5.56	3.86	2.58	12217.0	1795.0	1.24	1.2	3.54	3.76
Magnolia	8.1	7.7	936	625	12287.0	8414.0	2317.0	1660.0	75.97	85.23	11.48	8.47	8.66	5.69	15448.0	10339.0	1.26	1.23	4.55	3.79
Notting Hill	6.9	7.1	307	622	2938.0	6207.0	1079.0	1521.0	74.02	76.92	10.8	10.17	8.11	7.33	3878.0	8092.0	1.32	1.3	6.16	6.09
Office Space	7.9	7.7	714	0	5098.0	0.0	1295.0	0.0	83.46	NaN	7.76	NaN	5.03	NaN	6594.0	0.0	1.29	NaN	5.65	NaN
Wild Wild West	4.7	4.8	658	48	8208.0	563.0	2244.0	293.0	74.53	79.58	9.9	9.18	7.13	6.27	11145.0	735.0	1.36	1.31	7.59	6.39
American History X	8.6	8.6	696	126	8471.0	1330.0	2174.0	619.0	84.68	84.13	6.27	6.38	4.02	4.13	11179.0	1762.0	1.32	1.32	5.32	5.49
Armageddon	6.5	6.9	154	0	1839.0	0.0	834.0	0.0	81.01	NaN	7.42	NaN	4.95	NaN	2470.0	0.0	1.34	NaN	6.53	NaN
Dark City	7.8	7.7	559	6	4994.0	44.0	1410.0	32.0	85.66	103.69	6.54	3.52	3.62	0.98	6596.0	49.0	1.32	1.11	7.05	0.0
The Truman Show	8.1	7.9	350	332	3790.0	3617.0	1277.0	1066.0	76.11	83.16	9.13	7.46	6.49	4.9	5153.0	4721.0	1.36	1.31	7.36	5.58
Anastasia	6.6	7.7	539	24	8210.0	402.0	2061.0	231.0	83.83	80.69	6.88	7.68	4.21	4.86	10891.0	544.0	1.33	1.35	6.59	7.71
Cube	7.4	7.4	641	0	3537.0	0.0	1048.0	0.0	81.92	NaN	8.04	NaN	5.42	NaN	4610.0	0.0	1.3	NaN	5.65	NaN
The Fifth Element	7.6	7.8	787	130	7942.0	1338.0	2052.0	626.0	75.82	78.12	9.61	8.82	6.91	6.32	10679.0	1780.0	1.34	1.33	7.01	6.13
G I  Jane			524	303	6837.0	4011.0	2007.0	1317.0	75.2	79.2	8.97	8.46	6.3	5.85	9472.0	5347.0	1.39	1.33	8.21	6.51
The Game	7.8	7.6	613	183	6827.0	1661.0	1807.0	707.0	75.04	77.92	10.4	9.69	7.77	7.3	8996.0	2137.0	1.32	1.29	5.99	4.46
Gattaca	7.8	7.8	543	85	6596.0	724.0	1772.0	337.0	72.16	73.86	10.47	9.82	7.65	7.82	9082.0	968.0	1.38	1.34	8.26	4.97
Liar Liar	6.8	6.7	699	151	10487.0	2060.0	2632.0	813.0	83.99	87.51	6.23	5.49	3.91	3.23	14031.0	2689.0	1.34	1.31	6.06	4.95
My Best Friend s Wedding			398	678	3742.0	6907.0	1231.0	2008.0	81.47	78.58	8.42	9.12	5.75	6.23	4848.0	9158.0	1.3	1.33	5.53	6.95
The Postman	5.9	5.9	822	80	8037.0	1082.0	1881.0	456.0	86.03	92.13	7.02	6.1	4.17	3.3	10348.0	1316.0	1.29	1.22	5.86	3.6
Starship Troopers	7.2	6.7	803	210	11174.0	2352.0	2888.0	974.0	76.85	80.8	8.56	7.57	5.86	5.1	15377.0	3151.0	1.38	1.34	8.05	6.42
Broken Arrow	5.9	5.9	781	104	9668.0	1260.0	2322.0	569.0	82.62	84.34	7.34	6.96	5.05	4.76	12648.0	1626.0	1.31	1.29	5.02	4.29
The English Patient	7.3	7.7	587	333	7304.0	3618.0	1905.0	1076.0	82.26	87.49	7.69	6.71	4.95	3.85	9638.0	4616.0	1.32	1.28	6.48	5.53
Jane Eyre	6.5	7	601	435	8701.0	4151.0	1982.0	1091.0	79.77	79.59	9.66	10.07	6.5	6.89	11233.0	5295.0	1.29	1.28	6.57	6.14
The Rock	7.4	7.3	720	32	8358.0	329.0	2510.0	212.0	76.41	81.23	8.03	7.42	5.41	5.48	11753.0	432.0	1.41	1.31	8.77	4.26
Trainspotting	8.2	8.2	18	45	646.0	1375.0	332.0	604.0	88.57	77.87	5.97	7.67	3.54	5.24	821.0	1907.0	1.27	1.39	4.33	7.71
Clueless	6.4	7.2	250	0	6865.0	0.0	1836.0	0.0	88.57	NaN	5.44	NaN	2.77	NaN	8980.0	0.0	1.31	NaN	6.1	NaN
Hackers	6.1	6.4	522	224	4884.0	2206.0	1611.0	817.0	76.79	84.5	8.91	7.54	6.19	4.96	6648.0	2818.0	1.36	1.28	7.6	4.81
Heat	8.3	7.9	707	255	6523.0	2898.0	1777.0	1021.0	88.44	88.9	6.22	5.95	3.52	3.25	8312.0	3705.0	1.27	1.28	5.12	5.24
Mighty Morphin  Power Rangers  The Movie			497	205	3752.0	1882.0	1450.0	823.0	64.35	62.0	12.82	13.98	10.5	11.49	5193.0	2597.0	1.38	1.38	7.04	7.28
Ed Wood	8	7.8	1077	125	12222.0	1070.0	2601.0	506.0	83.88	83.72	6.97	7.84	4.38	5.13	16101.0	1374.0	1.32	1.28	6.08	5.33
Heavenly Creatures	7.4	7.7	526	2	5223.0	26.0	1674.0	25.0	83.26	82.67	5.98	4.56	3.62	2.65	7132.0	37.0	1.37	1.42	7.01	7.69
Groundhog Day	8.1	7.7	251	638	3391.0	10037.0	1186.0	2252.0	81.41	84.94	7.02	6.85	4.85	4.26	4545.0	13084.0	1.34	1.3	5.69	5.67
The Nightmare Before Christmas	8	8.3	452	0	3941.0	0.0	1289.0	0.0	70.57	NaN	11.87	NaN	8.98	NaN	5289.0	0.0	1.34	NaN	7.28	NaN
Army of Darkness	7.6	7.5	120	3	9892.0	270.0	2600.0	181.0	83.0	88.03	6.56	5.06	4.15	3.29	13301.0	349.0	1.34	1.29	6.47	3.33
Newsies	6.3	7.8	431	36	12663.0	670.0	3090.0	414.0	81.77	85.88	7.55	6.07	5.21	4.31	16666.0	860.0	1.32	1.28	5.36	2.99
Sister Act	5.9	6.7	1084	15	10715.0	99.0	2406.0	76.0	86.67	86.61	6.22	5.62	3.6	3.41	13962.0	130.0	1.3	1.31	5.76	5.05
Hudson Hawk	5.7	5.8	533	120	6847.0	1680.0	2120.0	754.0	75.88	74.95	9.03	9.22	6.5	6.4	9335.0	2327.0	1.36	1.39	7.2	8.57
Darkman	6.4	6.2	773	117	15248.0	2056.0	4240.0	845.0	74.53	81.25	7.77	6.82	5.74	4.55	21727.0	2792.0	1.42	1.36	7.84	6.52
Edward Scissorhands	7.9	8.3	300	232	1894.0	1586.0	739.0	598.0	87.22	89.81	6.29	5.61	3.78	3.29	2432.0	1998.0	1.28	1.26	4.91	3.72
Pretty Woman	6.7	7.4	486	455	4824.0	4729.0	1309.0	1269.0	81.81	91.19	8.44	6.11	5.35	3.42	6313.0	5807.0	1.31	1.23	6.99	3.68
Total Recall	7.5	7.2	463	78	5751.0	888.0	1744.0	443.0	78.65	79.24	8.19	7.89	5.54	5.31	7810.0	1206.0	1.36	1.36	7.37	7.21
Indiana Jones and the Last Crusade	8.3	8.2	678	136	5206.0	1520.0	1471.0	626.0	83.1	78.72	7.65	8.43	4.82	5.51	6823.0	2065.0	1.31	1.36	6.45	8.09
Leviathan	5.7	5.9	522	132	4582.0	1127.0	1304.0	523.0	81.14	77.04	9.15	10.46	6.27	7.51	5850.0	1457.0	1.28	1.29	5.46	6.03
Die Hard	8.3	8	419	231	5635.0	2752.0	1634.0	1015.0	80.15	81.51	8.31	8.02	5.46	5.34	7518.0	3618.0	1.33	1.31	7.17	6.14
Heathers	7.3	7.6	545	313	7039.0	3462.0	1994.0	1135.0	78.62	80.95	8.41	8.34	5.76	5.64	9491.0	4537.0	1.35	1.31	7.09	6.07
Twins	6	5.7	512	67	10331.0	1125.0	2416.0	541.0	78.35	77.89	8.43	8.09	5.64	5.5	14038.0	1546.0	1.36	1.37	7.75	7.73
Top Gun	6.8	6.9	828	155	8222.0	1456.0	2089.0	556.0	87.51	82.51	6.56	8.97	3.8	5.77	10507.0	1857.0	1.28	1.28	5.34	6.25
Agnes of God	6.5	6.9	291	646	3690.0	4877.0	1097.0	1047.0	78.25	77.08	8.73	10.63	6.18	8.02	4925.0	6183.0	1.33	1.27	6.4	4.41
Commando	6.6	6.4	196	167	3671.0	2669.0	1229.0	958.0	72.82	81.75	9.41	7.01	7.38	4.98	5056.0	3543.0	1.38	1.33	6.29	4.95
Day of the Dead	7.2	7.1	473	1	6083.0	0.0	1684.0	0.0	90.17	NaN	5.64	NaN	3.04	NaN	7697.0	0.0	1.27	NaN	4.62	NaN
Ghostbusters	7.8	7.6	222	8	1231.0	47.0	569.0	42.0	72.86	76.69	9.24	5.46	7.34	4.9	1697.0	67.0	1.38	1.43	6.01	4.26
Gremlins	7.2	7.1	541	38	10004.0	614.0	2395.0	344.0	86.03	85.93	4.78	4.93	3.14	3.28	13375.0	818.0	1.34	1.33	4.37	4.23
Purple Rain	6.2	6.5	667	36	13725.0	576.0	3289.0	317.0	77.49	81.18	7.6	7.79	5.45	5.05	18995.0	769.0	1.38	1.34	6.92	6.94
Supergirl	4.2	4.8	635	128	6220.0	1213.0	1642.0	569.0	84.13	86.42	7.19	6.67	4.46	4.22	8139.0	1550.0	1.31	1.28	6.16	4.53
Conan the Barbarian	6.9	6.3	314	218	4123.0	2090.0	1219.0	754.0	87.7	88.7	6.57	6.82	3.84	4.11	5246.0	2593.0	1.27	1.24	5.09	4.07
The King of Comedy	7.8	7.5	877	195	10638.0	1935.0	1858.0	651.0	83.79	87.06	7.66	7.12	5.03	4.6	13695.0	2414.0	1.29	1.25	5.23	3.77
Clash of the Titans	6.8	7	640	59	12311.0	1078.0	3188.0	526.0	75.71	79.7	8.45	7.93	5.96	5.29	17141.0	1456.0	1.39	1.35	7.98	7.14
Days of Heaven	8	7.9	416	0	24366.0	0.0	4521.0	0.0	87.79	NaN	5.77	NaN	3.29	NaN	31602.0	0.0	1.3	NaN	5.24	NaN
The Italian Job	7.4	7.3	520	101	5660.0	952.0	1664.0	438.0	80.76	85.14	8.51	8.37	5.79	5.46	7399.0	1182.0	1.31	1.24	6.02	4.52
True Grit	7.4	7.5	758	0	12564.0	0.0	2604.0	0.0	83.5	NaN	7.69	NaN	5.2	NaN	16140.0	0.0	1.28	NaN	4.78	NaN
2001  A Space Odyssey			405	156	6497.0	2157.0	2106.0	832.0	64.75	66.41	11.43	12.73	8.7	9.89	9509.0	2967.0	1.46	1.38	10.57	8.11
Bonnie and Clyde	7.9	8	494	226	11056.0	4355.0	2570.0	1305.0	84.41	85.85	7.18	7.1	4.74	4.6	14264.0	5530.0	1.29	1.27	4.86	4.39
Mary Poppins	7.6	8.1	40	0	42.0	0.0	25.0	0.0	61.7	NaN	8.46	NaN	8.13	NaN	65.0	0.0	1.55	NaN	7.14	NaN
From Here to Eternity	7.8	7.8	1017	257	12760.0	4214.0	2969.0	1099.0	82.38	85.61	7.64	7.34	5.19	4.65	16662.0	5360.0	1.31	1.27	5.33	4.94
Strangers on a Train	8.1	8.2	541	134	6884.0	1700.0	1578.0	615.0	84.25	78.25	7.42	9.42	4.53	6.49	8970.0	2244.0	1.3	1.32	6.38	6.88
Anna Karenina	7.1	7.3	413	390	5492.0	4172.0	1587.0	1110.0	83.34	89.61	5.81	4.55	3.37	2.3	7556.0	5470.0	1.38	1.31	7.52	5.18
Deception	7.2	7.7	728	16	16695.0	309.0	3611.0	185.0	79.05	84.74	8.14	7.35	5.18	3.92	22843.0	409.0	1.37	1.32	8.49	8.41
The Wizard of Oz	8.1	8.3	743	308	7796.0	3294.0	1728.0	733.0	85.67	92.25	7.47	6.45	4.67	3.63	9902.0	3947.0	1.27	1.2	5.17	3.1
Anna Karenina	7.1	7.3	464	339	6203.0	3462.0	1718.0	923.0	83.79	90.2	5.67	4.52	3.26	2.25	8515.0	4510.0	1.37	1.3	7.37	4.97
King Kong	8	7.8	581	78	6121.0	702.0	1766.0	351.0	83.38	85.64	7.88	7.22	5.32	4.67	7841.0	892.0	1.28	1.27	4.84	4.56
Frankenstein	8	8.1	580	118	5816.0	1049.0	1782.0	495.0	82.51	85.37	7.27	6.54	4.62	4.04	7740.0	1370.0	1.33	1.31	6.6	5.53
